term,definition,link,introduced_by_card_id
CI/CD,"Short for Continuous Integration / Continuous Delivery: the practice of automatically building, testing, and shipping code every time someone changes it, instead of doing those steps by hand.",https://en.wikipedia.org/wiki/CI/CD,1
modules,"In Harness, modules are separate purpose-built product areas — like CI, CD, or Feature Flags — that each focus on one job but share the same underlying pipeline engine.",https://developer.harness.io/docs/,8
pipeline,"A pipeline is the top-level workflow in Harness: the end-to-end sequence of stages that pulls your code, builds it, tests it, and deploys it.",https://en.wikipedia.org/wiki/Continuous_delivery,8
stage,A stage is one phase of a pipeline (like 'build' or 'deploy') that groups together a set of related steps that run in order.,https://developer.harness.io/docs/platform/pipelines/add-a-stage/,22
step,"A step is the smallest unit of work in a Harness pipeline — one specific action, like running a script or a single test.",https://en.wikipedia.org/wiki/Continuous_delivery,22
Delegate,"The Delegate is a lightweight worker process you run inside your own network — e.g. installed as a pod in your Kubernetes cluster. It's how cloud-hosted Harness reaches your private servers, clusters, and clouds to actually carry out pipeline tasks.",https://developer.harness.io/docs/platform/delegates/delegate-concepts/delegate-overview/,29
selector,A selector is a tag you put on a Delegate so Harness can route a specific task to that specific Delegate — handy when you run more than one Delegate for different networks or clouds.,https://developer.harness.io/docs/platform/delegates/manage-delegates/select-delegates-with-selectors/,37
connector,"A connector is a saved, reusable object that stores the login credentials and settings for an outside tool (like GitHub or Docker Hub), so pipelines can reference it by name instead of hardcoding logins.",https://en.wikipedia.org/wiki/Application_programming_interface,29
secrets,"Secrets are pieces of sensitive data (like a password or API token) that Harness stores encrypted and lets pipelines reference by name, so the real value is never written into pipeline YAML.",https://developer.harness.io/docs/platform/secrets/secrets-management/harness-secret-manager-overview/,43
HashiCorp Vault,"HashiCorp Vault is a popular third-party tool for storing and managing secrets, which Harness can plug into instead of (or alongside) its own built-in secrets manager.",https://www.vaultproject.io/,50
artifact,"An artifact is the packaged output of a build — like a compiled app, a container image, or a zip file — that gets tested and then shipped somewhere for deployment.",https://developer.harness.io/docs/continuous-delivery/x-platform-cd-features/services/artifact-sources/,57
registry,"A registry is a storage service for built artifacts (most often container images), such as Docker Hub, that a CI pipeline uploads to and a CD pipeline later pulls from.",https://developer.harness.io/docs/artifact-registry/,58
Harness CI Cloud,"Harness CI Cloud is Harness's own managed pool of virtual machines that run your builds for you, so you don't have to set up and maintain build servers yourself.",https://developer.harness.io/docs/continuous-integration/use-ci/set-up-build-infrastructure/use-harness-cloud-build-infrastructure/,64
trigger,"A trigger is a rule that starts a pipeline automatically in response to something happening — a Git push, a pull request, a new artifact, or a schedule — instead of a person clicking 'run.'",https://developer.harness.io/docs/platform/triggers/triggers-overview/,71
cron trigger,"A cron trigger fires a pipeline on a fixed schedule (like 'every night at 2am'), using the same time-pattern syntax as the classic Unix cron scheduler.",https://developer.harness.io/docs/platform/triggers/schedule-pipelines-using-cron-triggers/,71
Test Intelligence,"Test Intelligence is a Harness CI feature that figures out which tests are actually affected by a code change and runs only those, instead of the entire test suite every time, to make builds faster.",https://developer.harness.io/docs/continuous-integration/use-ci/run-tests/tests-v2/,78
Cache Intelligence,"Cache Intelligence is a Harness CI feature that automatically reuses dependency downloads and build layers from previous runs, so repeat builds skip redundant work.",https://developer.harness.io/docs/continuous-integration/use-ci/caching-ci-data/cache-intelligence/,85
Service,"In Harness CD, a Service defines *what* you're deploying — your application and its artifact — separately from where or how it gets deployed.",https://developer.harness.io/docs/continuous-delivery/x-platform-cd-features/services/services-overview/,240
Environment,"In Harness CD, an Environment is a named deploy target group, like 'staging' or 'production,' that logically separates where different releases go.",https://developer.harness.io/docs/continuous-delivery/x-platform-cd-features/environments/environment-overview/,29
Infrastructure Definition,"An Infrastructure Definition is the exact deploy target within an Environment — for example, the specific Kubernetes cluster or VM group a Service actually gets deployed onto.",https://developer.harness.io/docs/continuous-delivery/x-platform-cd-features/environments/environment-overview/,93
canary,Canary (as in a canary deployment) means sending a new version of your app to only a small slice of real traffic first — e.g. 5% of users — so you can catch problems before rolling it out to everyone.,https://en.wikipedia.org/wiki/Deployment_environment,99
rolling,"Rolling (as in a rolling deployment) means gradually replacing old instances of your app with new ones, one (or a few) at a time, instead of switching everything over at once.",https://en.wikipedia.org/wiki/Rolling_release,99
blue-green,"Blue-green (as in a blue-green deployment) means keeping two complete environments running — the old version ('blue') and the new version ('green') — and switching all live traffic over in one instant move, making rollback as easy as switching back.",https://en.wikipedia.org/wiki/Blue%E2%80%93green_deployment,99
GitOps,"GitOps is a deployment approach where a Git repository is the single source of truth for what should be running, and an automated agent continuously updates the live system to match it.",https://en.wikipedia.org/wiki/DevOps#GitOps,106
approval,An approval is a pipeline step that pauses execution and waits for a specific person or group to manually say 'go' before the pipeline continues — commonly used right before a production deploy.,https://developer.harness.io/docs/platform/approvals/approvals-tutorial/,113
rollback,"A rollback reverts a deployment back to its last known-good version, either triggered manually by a person or automatically when something like a failed health check is detected.",https://developer.harness.io/docs/continuous-delivery/manage-deployments/rollback-deployments/,120
Continuous Verification,"Continuous Verification is a Harness CD feature that watches live metrics and logs during a deployment, compares them to a healthy baseline, and can automatically trigger a rollback if it spots a regression.",https://developer.harness.io/docs/continuous-delivery/verify/verify-deployments-with-the-verify-step/,127
template,"A template is a piece of pipeline configuration (a step, stage, or whole pipeline) that you define once and then reuse across many pipelines, instead of copy-pasting the same YAML everywhere — e.g. one 'deploy to Kubernetes' stage template used by every service's pipeline.",https://developer.harness.io/docs/platform/templates/template/,134
Input Set,"An Input Set is a saved, named bundle of pipeline input values — for example, all the settings needed to deploy to 'staging' — that you can reuse instead of typing them in every time you run the pipeline.",https://developer.harness.io/docs/platform/pipelines/input-sets/,141
overlay,An overlay in Harness combines multiple Input Sets together into a single run configuration — e.g. merging a saved 'staging network' Input Set with a saved 'nightly build' Input Set for one run — letting you mix and match saved value bundles instead of building a new one from scratch each time.,https://developer.harness.io/docs/platform/pipelines/input-sets/,142
expression,"A Harness expression, written like <+pipeline.name>, is a placeholder that resolves to a real runtime value when the pipeline actually runs, keeping pipeline configuration generic instead of hardcoded.",https://developer.harness.io/docs/platform/variables-and-expressions/harness-variables/,148
variables,"Variables are named, reusable placeholders in a pipeline or template that can be set differently for each run, keeping the underlying logic generic and reusable instead of tied to one hardcoded value.",https://developer.harness.io/docs/platform/variables-and-expressions/harness-variables/,148
webhook,"A webhook is an automatic HTTP notification one system sends to another when something happens — for example, GitHub notifying Harness the moment new code is pushed, which can then fire a trigger.",https://en.wikipedia.org/wiki/Webhook,156
governance,"Governance in Harness means automatically checking pipelines against a set of written rules (policies) before they're allowed to run, so bad practices get blocked instead of just noticed after the fact.",https://developer.harness.io/docs/platform/governance/policy-as-code/harness-governance-overview/,162
OPA,"OPA, short for Open Policy Agent, is the open-source policy engine Harness governance is built on — it evaluates pipelines against written rules and can block a run that violates one.",https://www.openpolicyagent.org/,162
Policy as Code,"Policy as Code means writing your organization's rules (like 'production deploys need an approval step') as actual version-controlled code that a system like OPA can automatically check, instead of relying on a verbal policy nobody enforces.",https://developer.harness.io/docs/platform/governance/policy-as-code/harness-governance-overview/,162
Feature Flags,Feature Flags is a Harness module that lets you turn a piece of functionality on or off at runtime — for everyone or just a subset of users — without needing to redeploy or rebuild the app.,https://en.wikipedia.org/wiki/Feature_toggle,9
Chaos Engineering,"Chaos Engineering is the practice of deliberately injecting controlled failures — like killing a server or adding network latency — into a system on purpose, so you can verify it actually holds up before a real outage does it for you.",https://en.wikipedia.org/wiki/Chaos_engineering,183
golden path,"A golden path is a ready-made, pre-approved template (offered through an Internal Developer Portal) that shows the recommended, supported way to set up a new service — a shortcut that steers developers toward good defaults.",https://en.wikipedia.org/wiki/Internal_developer_platform,197
DORA metrics,"DORA metrics are four standard measures of software delivery performance — deployment frequency, lead time for changes, change failure rate, and time to restore service — from Google's DevOps Research and Assessment team.",https://dora.dev/,205
cycle time,Cycle time is roughly how long it takes for a piece of work to go from someone starting on it to it actually being delivered — e.g. from when an engineer picks up a ticket to when that change is live in production — a core measure of delivery speed.,https://en.wikipedia.org/wiki/Cycle_time_(software),205
Harness Open Source,"Harness Open Source is the free, self-hostable core of Harness covering source control, CI/CD, and an artifact registry — the full Harness Platform adds managed hosting plus every additional module on top.",https://www.gitness.com/,211
RBAC,"RBAC, short for Role-Based Access Control, is a permissions system where what a user can do is determined by the role they're assigned, rather than granting permissions to each person individually.",https://en.wikipedia.org/wiki/Role-based_access_control,219
execution view,"The execution view is the real-time screen in Harness where you watch a pipeline run step by step, with live logs, so you can see exactly what's happening or debug a failure as it occurs.",https://developer.harness.io/docs/platform/pipelines/view-and-compare-pipeline-executions/,226
SaaS,"SaaS, short for Software as a Service, means the software runs on the provider's own servers and you access it over the internet, instead of installing and hosting it yourself.",https://en.wikipedia.org/wiki/Software_as_a_service,240
YAML,"YAML is a plain-text file format, using indentation instead of brackets, that's commonly used to write configuration — Harness pipelines are ultimately stored as YAML.",https://en.wikipedia.org/wiki/YAML,135
Kubernetes,"Kubernetes is a system for automatically running, scaling, and managing containerized applications across a group of machines, instead of managing each container by hand.",https://kubernetes.io/,29
cluster,"A cluster is a group of machines that work together as one system — in Kubernetes, it's the whole set of servers your containers actually run on.",https://en.wikipedia.org/wiki/Computer_cluster,92
pod,A pod is the smallest deployable unit in Kubernetes — one running instance of your containerized application (or a small group of tightly coupled containers) inside a cluster.,https://kubernetes.io/docs/concepts/workloads/pods/,184
health check,A health check is an automated probe that repeatedly asks 'is this still working correctly?' after a deploy — e.g. pinging a '/health' URL every few seconds and expecting a success response — and can trigger an automatic rollback if the answer becomes no.,https://kubernetes.io/docs/tasks/configure-pod-container/configure-liveness-readiness-startup-probes/,121
CD,Continuous delivery: automatically preparing every change so it can be released to users at any time.,https://en.wikipedia.org/wiki/Continuous_delivery,
CCM,Cloud Cost Management: Harness's module for tracking and cutting cloud spending.,https://developer.harness.io/docs/cloud-cost-management/,
SEI,Software Engineering Insights: Harness's module that measures how engineering teams deliver.,https://developer.harness.io/docs/software-engineering-insights/,
STO,Security Testing Orchestration: Harness's module that runs security scans inside pipelines.,https://developer.harness.io/docs/security-testing-orchestration/,
IDP,"Internal developer portal: a single place where developers find services, docs and templates.",https://en.wikipedia.org/wiki/Internal_developer_platform,
IDPs,"Internal developer portals: single places where developers find services, docs and templates.",https://en.wikipedia.org/wiki/Internal_developer_platform,
VM,Virtual machine: a software-made computer that runs inside a real one.,https://en.wikipedia.org/wiki/Virtual_machine,
VMs,Virtual machines: software-made computers that run inside real ones.,https://en.wikipedia.org/wiki/Virtual_machine,
DevOps,A way of working where development and operations teams share responsibility for building and running software.,https://en.wikipedia.org/wiki/DevOps,
GitHub,A website that hosts Git repositories and supports code review and automation.,https://en.wikipedia.org/wiki/GitHub,
HashiCorp,"The company behind Terraform, a tool for describing infrastructure as code.",https://en.wikipedia.org/wiki/HashiCorp,
PR,"Pull request: a proposal to merge one branch's changes into another, opened for review.",https://en.wikipedia.org/wiki/Distributed_version_control,
UI,User interface: the screens and controls people use to work with software.,https://en.wikipedia.org/wiki/User_interface,
DORA,DevOps Research and Assessment: the research group behind four key measures of delivery performance.,https://en.wikipedia.org/wiki/DevOps_Research_and_Assessment,
API,Application programming interface: a defined way for one program to ask another for something.,https://en.wikipedia.org/wiki/API,
AWS,"Amazon Web Services: Amazon's cloud platform for renting servers, storage and other services.",https://en.wikipedia.org/wiki/Amazon_Web_Services,
SCM,Source code management: tools such as Git that store and track changes to code.,https://en.wikipedia.org/wiki/Version_control,
